,chain,total_relays,total_pokt,point,first_time,last_time
0,POKT Mainnet,118818,1057.4802,Dec 1,2021-12-01T00:01:10.971Z,0
1,BSC Mainnet,79461,707.2029,Dec 1,2021-12-01T00:01:10.971Z,0
2,Ethereum Rinkeby,454541,4045.4148999999998,Dec 1,2021-12-01T00:01:10.971Z,0
3,Harmony Shard 0,57750988,513983.7932,Dec 1,2021-12-01T00:01:10.971Z,0
4,ETH Archival Trace,1427441,12704.2249,Dec 1,2021-12-01T00:01:10.971Z,0
5,Ethereum Kovan,114540,1019.406,Dec 1,2021-12-01T00:01:10.971Z,0
6,Polygon Mainnet,5854858,52108.2362,Dec 1,2021-12-01T00:01:10.971Z,0
7,Ethereum Goerli,625471,5566.6919,Dec 1,2021-12-01T00:01:10.971Z,0
8,Ethereum Ropsten,172136,1532.0104,Dec 1,2021-12-01T00:01:10.971Z,0
9,Solana Mainnet,318944,2838.6016,Dec 1,2021-12-01T00:01:10.971Z,0
10,IoTeX Mainnet,156105,1389.3345,Dec 1,2021-12-01T00:01:10.971Z,0
11,xDAI Archival,114335,1017.5815,Dec 1,2021-12-01T00:01:10.971Z,0
12,FUSE Archival,117629,1046.8980999999999,Dec 1,2021-12-01T00:01:10.971Z,0
13,FUSE Mainnet,7026150,62532.735,Dec 1,2021-12-01T00:01:10.971Z,0
14,Avalanche Mainnet,676709,6022.7101,Dec 1,2021-12-01T00:01:10.971Z,0
15,Ethereum,24504153,218086.96169999999,Dec 1,2021-12-01T00:01:10.971Z,0
16,xDAI,3052857,27170.4273,Dec 1,2021-12-01T00:01:10.971Z,0
17,Polygon Archival,50962,453.5618,Dec 1,2021-12-01T00:01:10.971Z,0
18,Ethereum Archival,325,2.8925,Dec 1,2021-12-01T00:01:10.971Z,0
19,Ethereum Kovan,107266,954.6674,2,2021-12-02T00:14:43.794Z,0
20,xDAI,3117479,27745.5631,2,2021-12-02T00:14:43.794Z,0
21,FUSE Mainnet,7486169,66626.9041,2,2021-12-02T00:14:43.794Z,0
22,Polygon Mainnet,4954007,44090.662299999996,2,2021-12-02T00:14:43.794Z,0
23,Solana Mainnet,305191,2716.1999,2,2021-12-02T00:14:43.794Z,0
24,IoTeX Mainnet,159232,1417.1648,2,2021-12-02T00:14:43.794Z,0
25,ETH Archival Trace,1201111,10689.8879,2,2021-12-02T00:14:43.794Z,0
26,Ethereum Ropsten,166550,1482.295,2,2021-12-02T00:14:43.794Z,0
27,Ethereum Rinkeby,357442,3181.2338,2,2021-12-02T00:14:43.794Z,0
28,FUSE Archival,114076,1015.2764,2,2021-12-02T00:14:43.794Z,0
29,Avalanche Mainnet,777061,6915.8429,2,2021-12-02T00:14:43.794Z,0
30,POKT Mainnet,116686,1038.5054,2,2021-12-02T00:14:43.794Z,0
31,Ethereum,36916530,328557.11699999997,2,2021-12-02T00:14:43.794Z,0
32,BSC Mainnet,151362,1347.1218,2,2021-12-02T00:14:43.794Z,0
33,Polygon Archival,100532,894.7348,2,2021-12-02T00:14:43.794Z,0
34,Harmony Shard 0,66307300,590134.97,2,2021-12-02T00:14:43.794Z,0
35,Ethereum Goerli,655652,5835.3028,2,2021-12-02T00:14:43.794Z,0
36,xDAI Archival,107683,958.3787,2,2021-12-02T00:14:43.794Z,0
37,Ethereum Archival,110,0.979,2,2021-12-02T00:14:43.794Z,0
38,Polygon Mainnet,4264351,37952.7239,3,2021-12-03T00:14:09.359Z,0
39,Ethereum Ropsten,161359,1436.0951,3,2021-12-03T00:14:09.359Z,0
40,BSC Mainnet,140909,1254.0901,3,2021-12-03T00:14:09.359Z,0
41,IoTeX Mainnet,149951,1334.5638999999999,3,2021-12-03T00:14:09.359Z,0
42,Ethereum,37471533,333496.6437,3,2021-12-03T00:14:09.359Z,0
43,Avalanche Mainnet,884393,7871.0977,3,2021-12-03T00:14:09.359Z,0
44,Ethereum Rinkeby,367564,3271.3196,3,2021-12-03T00:14:09.359Z,0
45,Ethereum Goerli,1163728,10357.1792,3,2021-12-03T00:14:09.359Z,0
46,xDAI,2181071,19411.531899999998,3,2021-12-03T00:14:09.359Z,0
47,xDAI Archival,102712,914.1368,3,2021-12-03T00:14:09.359Z,0
48,Solana Mainnet,295855,2633.1095,3,2021-12-03T00:14:09.359Z,0
49,POKT Mainnet,117379,1044.6731,3,2021-12-03T00:14:09.359Z,0
50,ETH Archival Trace,1101777,9805.8153,3,2021-12-03T00:14:09.359Z,0
51,Harmony Shard 0,77726826,691768.7514,3,2021-12-03T00:14:09.359Z,0
52,Polygon Archival,55850,497.065,3,2021-12-03T00:14:09.359Z,0
53,FUSE Mainnet,6692054,59559.2806,3,2021-12-03T00:14:09.359Z,0
54,FUSE Archival,101501,903.3589,3,2021-12-03T00:14:09.359Z,0
55,Ethereum Kovan,99692,887.2588,3,2021-12-03T00:14:09.359Z,0
56,Ethereum Archival,1190,10.591,3,2021-12-03T00:14:09.359Z,0
57,Ethereum Ropsten,160604,1429.3756,4,2021-12-04T00:03:50.140Z,0
58,Ethereum Rinkeby,354282,3153.1098,4,2021-12-04T00:03:50.140Z,0
59,FUSE Archival,96562,859.4018,4,2021-12-04T00:03:50.140Z,0
60,Ethereum Kovan,105026,934.7314,4,2021-12-04T00:03:50.140Z,0
61,Ethereum Goerli,694298,6179.2522,4,2021-12-04T00:03:50.140Z,0
62,Ethereum,33335700,296687.73,4,2021-12-04T00:03:50.140Z,0
63,xDAI,4396909,39132.4901,4,2021-12-04T00:03:50.140Z,0
64,FUSE Mainnet,5582225,49681.8025,4,2021-12-04T00:03:50.140Z,0
65,Solana Mainnet,283020,2518.878,4,2021-12-04T00:03:50.140Z,0
66,Avalanche Mainnet,852499,7587.2411,4,2021-12-04T00:03:50.140Z,0
67,Polygon Mainnet,3402871,30285.5519,4,2021-12-04T00:03:50.140Z,0
68,Polygon Archival,85091,757.3099,4,2021-12-04T00:03:50.140Z,0
69,Harmony Shard 0,78494079,698597.3031,4,2021-12-04T00:03:50.140Z,0
70,BSC Mainnet,222622,1981.3358,4,2021-12-04T00:03:50.140Z,0
71,ETH Archival Trace,974405,8672.2045,4,2021-12-04T00:03:50.140Z,0
72,xDAI Archival,93161,829.1329,4,2021-12-04T00:03:50.140Z,0
73,IoTeX Mainnet,168842,1502.6938,4,2021-12-04T00:03:50.140Z,0
74,POKT Mainnet,116824,1039.7336,4,2021-12-04T00:03:50.140Z,0
75,Ethereum Archival,78,0.6942,4,2021-12-04T00:03:50.140Z,0
76,Harmony Shard 0,89143042,793373.0738,5,2021-12-05T00:01:23.565Z,0
77,Ethereum,31000875,275907.7875,5,2021-12-05T00:01:23.565Z,0
78,Polygon Mainnet,2377403,21158.8867,5,2021-12-05T00:01:23.565Z,0
79,Ethereum Ropsten,162095,1442.6455,5,2021-12-05T00:01:23.565Z,0
80,Solana Mainnet,312333,2779.7637,5,2021-12-05T00:01:23.565Z,0
81,FUSE Mainnet,4992410,44432.449,5,2021-12-05T00:01:23.565Z,0
82,Ethereum Rinkeby,392996,3497.6644,5,2021-12-05T00:01:23.565Z,0
83,xDAI Archival,100843,897.5027,5,2021-12-05T00:01:23.565Z,0
84,ETH Archival Trace,894142,7957.8638,5,2021-12-05T00:01:23.565Z,0
85,IoTeX Mainnet,154766,1377.4174,5,2021-12-05T00:01:23.565Z,0
86,POKT Mainnet,112353,999.9417,5,2021-12-05T00:01:23.565Z,0
87,Ethereum Goerli,608893,5419.1476999999995,5,2021-12-05T00:01:23.565Z,0
88,BSC Mainnet,186560,1660.384,5,2021-12-05T00:01:23.565Z,0
89,Ethereum Kovan,103259,919.0051,5,2021-12-05T00:01:23.565Z,0
90,xDAI,9379151,83474.4439,5,2021-12-05T00:01:23.565Z,0
91,Avalanche Mainnet,734956,6541.1084,5,2021-12-05T00:01:23.565Z,0
92,FUSE Archival,116090,1033.201,5,2021-12-05T00:01:23.565Z,0
93,Polygon Archival,85074,757.1586,5,2021-12-05T00:01:23.565Z,0
94,Ethereum Archival,105,0.9345,5,2021-12-05T00:01:23.565Z,0
95,Ethereum Kovan,79861,710.7629,6,2021-12-06T00:02:48.117Z,0
96,Ethereum Ropsten,155009,1379.5801,6,2021-12-06T00:02:48.117Z,0
97,Solana Mainnet,352962,3141.3618,6,2021-12-06T00:02:48.117Z,0
98,Ethereum,33425744,297489.1216,6,2021-12-06T00:02:48.117Z,0
99,IoTeX Mainnet,166574,1482.5086,6,2021-12-06T00:02:48.117Z,0
100,FUSE Archival,132897,1182.7833,6,2021-12-06T00:02:48.117Z,0
101,FUSE Mainnet,4663278,41503.1742,6,2021-12-06T00:02:48.117Z,0
102,Polygon Archival,160012,1424.1068,6,2021-12-06T00:02:48.117Z,0
103,POKT Mainnet,102245,909.9805,6,2021-12-06T00:02:48.117Z,0
104,Ethereum Archival,119,1.0591,6,2021-12-06T00:02:48.117Z,0
105,ETH Archival Trace,997406,8876.9134,6,2021-12-06T00:02:48.117Z,0
106,Avalanche Mainnet,730311,6499.7679,6,2021-12-06T00:02:48.117Z,0
107,BSC Mainnet,170394,1516.5066,6,2021-12-06T00:02:48.117Z,0
108,Ethereum Rinkeby,412576,3671.9264,6,2021-12-06T00:02:48.117Z,0
109,xDAI,1561168,13894.395199999999,6,2021-12-06T00:02:48.117Z,0
110,Harmony Shard 0,97673521,869294.3369,6,2021-12-06T00:02:48.117Z,0
111,Ethereum Goerli,583889,5196.6121,6,2021-12-06T00:02:48.117Z,0
112,Polygon Mainnet,2636683,23466.4787,6,2021-12-06T00:02:48.117Z,0
113,xDAI Archival,113619,1011.2091,6,2021-12-06T00:02:48.117Z,0
114,xDAI,1154788,10277.6132,7,2021-12-07T00:05:43.695Z,0
115,Solana Mainnet,288515,2567.7835,7,2021-12-07T00:05:43.695Z,0
116,Ethereum Rinkeby,447834,3985.7226,7,2021-12-07T00:05:43.695Z,0
117,ETH Archival Trace,986242,8777.5538,7,2021-12-07T00:05:43.695Z,0
118,Polygon Mainnet,1330471,11841.1919,7,2021-12-07T00:05:43.695Z,0
119,Polygon Archival,187069,1664.9141,7,2021-12-07T00:05:43.695Z,0
120,Harmony Shard 0,119077841,1059792.7849,7,2021-12-07T00:05:43.695Z,0
121,Ethereum Kovan,103707,922.9923,7,2021-12-07T00:05:43.695Z,0
122,Ethereum Ropsten,162412,1445.4668,7,2021-12-07T00:05:43.695Z,0
123,Ethereum Goerli,566645,5043.1404999999995,7,2021-12-07T00:05:43.695Z,0
124,Avalanche Mainnet,570325,5075.8925,7,2021-12-07T00:05:43.695Z,0
125,BSC Mainnet,180002,1602.0178,7,2021-12-07T00:05:43.695Z,0
126,FUSE Mainnet,5163151,45952.0439,7,2021-12-07T00:05:43.695Z,0
127,POKT Mainnet,108031,961.4759,7,2021-12-07T00:05:43.695Z,0
128,Ethereum,35438332,315401.1548,7,2021-12-07T00:05:43.695Z,0
129,xDAI Archival,100543,894.8327,7,2021-12-07T00:05:43.695Z,0
130,IoTeX Mainnet,153364,1364.9396,7,2021-12-07T00:05:43.695Z,0
131,FUSE Archival,109662,975.9918,7,2021-12-07T00:05:43.695Z,0
132,Ethereum Archival,65,0.5785,7,2021-12-07T00:05:43.695Z,0
133,POKT Mainnet,112395,1000.3155,8,2021-12-08T00:07:42.391Z,0
134,Ethereum,34812154,309828.1706,8,2021-12-08T00:07:42.391Z,0
135,BSC Mainnet,200282,1782.5098,8,2021-12-08T00:07:42.391Z,0
136,IoTeX Mainnet,150912,1343.1168,8,2021-12-08T00:07:42.391Z,0
137,FUSE Mainnet,6342376,56447.1464,8,2021-12-08T00:07:42.391Z,0
138,xDAI Archival,112474,1001.0186,8,2021-12-08T00:07:42.391Z,0
139,Ethereum Ropsten,159784,1422.0776,8,2021-12-08T00:07:42.391Z,0
140,Ethereum Goerli,571849,5089.4561,8,2021-12-08T00:07:42.391Z,0
141,xDAI,908431,8085.0359,8,2021-12-08T00:07:42.391Z,0
142,Harmony Shard 0,148689714,1323338.4546,8,2021-12-08T00:07:42.391Z,0
143,ETH Archival Trace,1471567,13096.9463,8,2021-12-08T00:07:42.391Z,0
144,Avalanche Mainnet,590260,5253.314,8,2021-12-08T00:07:42.391Z,0
145,Ethereum Rinkeby,335800,2988.62,8,2021-12-08T00:07:42.391Z,0
146,Solana Mainnet,321809,2864.1001,8,2021-12-08T00:07:42.391Z,0
147,Polygon Archival,174380,1551.982,8,2021-12-08T00:07:42.391Z,0
148,Polygon Mainnet,1473475,13113.9275,8,2021-12-08T00:07:42.391Z,0
149,FUSE Archival,125576,1117.6264,8,2021-12-08T00:07:42.391Z,0
150,Ethereum Kovan,177328,1578.2192,8,2021-12-08T00:07:42.391Z,0
151,Ethereum,36243281,322565.2009,9,2021-12-09T00:04:14.962Z,0
152,POKT Mainnet,116961,1040.9529,9,2021-12-09T00:04:14.962Z,0
153,Ethereum Goerli,543676,4838.7164,9,2021-12-09T00:04:14.962Z,0
154,Avalanche Mainnet,583047,5189.1183,9,2021-12-09T00:04:14.962Z,0
155,Polygon Mainnet,1157237,10299.4093,9,2021-12-09T00:04:14.962Z,0
156,BSC Mainnet,199657,1776.9473,9,2021-12-09T00:04:14.962Z,0
157,FUSE Mainnet,6329719,56334.4991,9,2021-12-09T00:04:14.962Z,0
158,Solana Mainnet,298791,2659.2399,9,2021-12-09T00:04:14.962Z,0
159,Ethereum Kovan,125914,1120.6346,9,2021-12-09T00:04:14.962Z,0
160,Ethereum Ropsten,156633,1394.0337,9,2021-12-09T00:04:14.962Z,0
161,xDAI Archival,116029,1032.6581,9,2021-12-09T00:04:14.962Z,0
162,Harmony Shard 0,145142687,1291769.9143,9,2021-12-09T00:04:14.962Z,0
163,ETH Archival Trace,2066971,18396.0419,9,2021-12-09T00:04:14.962Z,0
164,IoTeX Mainnet,144661,1287.4829,9,2021-12-09T00:04:14.962Z,0
165,xDAI,1059227,9427.1203,9,2021-12-09T00:04:14.962Z,0
166,FUSE Archival,123276,1097.1564,9,2021-12-09T00:04:14.962Z,0
167,Ethereum Rinkeby,340561,3030.9929,9,2021-12-09T00:04:14.962Z,0
168,Polygon Archival,63161,562.1329,9,2021-12-09T00:04:14.962Z,0
169,Ethereum Archival,31,0.2759,9,2021-12-09T00:04:14.962Z,0
170,FUSE Archival,127045,1130.7005,10,2021-12-10T00:03:48.647Z,0
171,Harmony Shard 0,138528785,1232906.1865,10,2021-12-10T00:03:48.647Z,0
172,xDAI,1004956,8944.1084,10,2021-12-10T00:03:48.647Z,0
173,xDAI Archival,119842,1066.5938,10,2021-12-10T00:03:48.647Z,0
174,FUSE Mainnet,6447663,57384.2007,10,2021-12-10T00:03:48.647Z,0
175,ETH Archival Trace,3556725,31654.8525,10,2021-12-10T00:03:48.647Z,0
176,Polygon Mainnet,1514358,13477.7862,10,2021-12-10T00:03:48.647Z,0
177,Polygon Archival,78988,702.9932,10,2021-12-10T00:03:48.647Z,0
178,Ethereum Kovan,100057,890.5073,10,2021-12-10T00:03:48.647Z,0
179,Ethereum Rinkeby,344950,3070.055,10,2021-12-10T00:03:48.647Z,0
180,Ethereum Goerli,513622,4571.2358,10,2021-12-10T00:03:48.647Z,0
181,BSC Mainnet,128148,1140.5172,10,2021-12-10T00:03:48.647Z,0
182,POKT Mainnet,117490,1045.661,10,2021-12-10T00:03:48.647Z,0
183,Ethereum Ropsten,153366,1364.9574,10,2021-12-10T00:03:48.647Z,0
184,IoTeX Mainnet,137659,1225.1651,10,2021-12-10T00:03:48.647Z,0
185,Solana Mainnet,304512,2710.1568,10,2021-12-10T00:03:48.647Z,0
186,Avalanche Mainnet,630919,5615.1791,10,2021-12-10T00:03:48.647Z,0
187,Ethereum,35377669,314861.2541,10,2021-12-10T00:03:48.647Z,0
188,Ethereum Archival,25,0.2225,10,2021-12-10T00:03:48.647Z,0
189,Avalanche Mainnet,567130,5047.457,11,2021-12-11T00:13:43.017Z,0
190,POKT Mainnet,116076,1033.0764,11,2021-12-11T00:13:43.017Z,0
191,Polygon Mainnet,1738105,15469.1345,11,2021-12-11T00:13:43.017Z,0
192,FUSE Archival,117833,1048.7137,11,2021-12-11T00:13:43.017Z,0
193,Ethereum,30287829,269561.6781,11,2021-12-11T00:13:43.017Z,0
194,Ethereum Ropsten,164384,1463.0176,11,2021-12-11T00:13:43.017Z,0
195,BSC Mainnet,141573,1259.9997,11,2021-12-11T00:13:43.017Z,0
196,xDAI,776338,6909.4082,11,2021-12-11T00:13:43.017Z,0
197,Ethereum Goerli,491335,4372.8815,11,2021-12-11T00:13:43.017Z,0
198,xDAI Archival,159788,1422.1132,11,2021-12-11T00:13:43.017Z,0
199,FUSE Mainnet,6577587,58540.5243,11,2021-12-11T00:13:43.017Z,0
200,ETH Archival Trace,1340477,11930.2453,11,2021-12-11T00:13:43.017Z,0
201,IoTeX Mainnet,137833,1226.7137,11,2021-12-11T00:13:43.017Z,0
202,Ethereum Kovan,105972,943.1508,11,2021-12-11T00:13:43.017Z,0
203,Harmony Shard 0,125721811,1118924.1179,11,2021-12-11T00:13:43.017Z,0
204,Ethereum Rinkeby,330578,2942.1442,11,2021-12-11T00:13:43.017Z,0
205,Solana Mainnet,296961,2642.9528999999998,11,2021-12-11T00:13:43.017Z,0
206,Polygon Archival,92993,827.6377,11,2021-12-11T00:13:43.017Z,0
207,Ethereum Archival,31,0.2759,11,2021-12-11T00:13:43.017Z,0
208,Polygon Mainnet,2004865,17843.2985,12,2021-12-12T00:02:04.743Z,0
209,ETH Archival Trace,2778323,24727.0747,12,2021-12-12T00:02:04.743Z,0
210,Harmony Shard 0,124150311,1104937.7679,12,2021-12-12T00:02:04.743Z,0
211,Polygon Archival,117548,1046.1772,12,2021-12-12T00:02:04.743Z,0
212,Ethereum Archival,3459,30.7851,12,2021-12-12T00:02:04.743Z,0
213,Ethereum Goerli,506203,4505.2067,12,2021-12-12T00:02:04.743Z,0
214,Solana Mainnet,299480,2665.372,12,2021-12-12T00:02:04.743Z,0
215,Ethereum Ropsten,164171,1461.1219,12,2021-12-12T00:02:04.743Z,0
216,BSC Mainnet,137579,1224.4531,12,2021-12-12T00:02:04.743Z,0
217,Ethereum Rinkeby,341191,3036.5999,12,2021-12-12T00:02:04.743Z,0
218,xDAI,951597,8469.2133,12,2021-12-12T00:02:04.743Z,0
219,FUSE Mainnet,6972944,62059.2016,12,2021-12-12T00:02:04.743Z,0
220,Ethereum,33693333,299870.6637,12,2021-12-12T00:02:04.743Z,0
221,POKT Mainnet,112228,998.8292,12,2021-12-12T00:02:04.743Z,0
222,FUSE Archival,116649,1038.1761,12,2021-12-12T00:02:04.743Z,0
223,Avalanche Mainnet,1441013,12825.0157,12,2021-12-12T00:02:04.743Z,0
224,Ethereum Kovan,161613,1438.3557,12,2021-12-12T00:02:04.743Z,0
225,IoTeX Mainnet,140641,1251.7049,12,2021-12-12T00:02:04.743Z,0
226,xDAI Archival,147918,1316.4702,12,2021-12-12T00:02:04.743Z,0
227,FUSE Mainnet,6866169,61108.9041,13,2021-12-13T00:08:27.458Z,0
228,Polygon Mainnet,2965314,26391.2946,13,2021-12-13T00:08:27.458Z,0
229,Ethereum Kovan,137731,1225.8059,13,2021-12-13T00:08:27.458Z,0
230,Avalanche Mainnet,658296,5858.8344,13,2021-12-13T00:08:27.458Z,0
231,Ethereum Ropsten,159602,1420.4578,13,2021-12-13T00:08:27.458Z,0
232,Ethereum Goerli,467556,4161.2484,13,2021-12-13T00:08:27.458Z,0
233,POKT Mainnet,113581,1010.8709,13,2021-12-13T00:08:27.458Z,0
234,ETH Archival Trace,3205024,28524.7136,13,2021-12-13T00:08:27.458Z,0
235,BSC Mainnet,138301,1230.8789,13,2021-12-13T00:08:27.458Z,0
236,xDAI,1338391,11911.6799,13,2021-12-13T00:08:27.458Z,0
237,Ethereum,35812634,318732.4426,13,2021-12-13T00:08:27.458Z,0
238,FUSE Archival,121519,1081.5191,13,2021-12-13T00:08:27.458Z,0
239,Ethereum Archival,577,5.1353,13,2021-12-13T00:08:27.458Z,0
240,xDAI Archival,118013,1050.3156999999999,13,2021-12-13T00:08:27.458Z,0
241,Polygon Archival,139291,1239.6899,13,2021-12-13T00:08:27.458Z,0
242,Ethereum Rinkeby,370780,3299.942,13,2021-12-13T00:08:27.458Z,0
243,IoTeX Mainnet,146565,1304.4285,13,2021-12-13T00:08:27.458Z,0
244,Harmony Shard 0,126055213,1121891.3957,13,2021-12-13T00:08:27.458Z,0
245,Solana Mainnet,303490,2701.061,13,2021-12-13T00:08:27.458Z,0
246,xDAI,1497431,13327.1359,14,2021-12-14T00:08:01.631Z,0
247,Ethereum Goerli,410543,3653.8327,14,2021-12-14T00:08:01.631Z,0
248,Ethereum Kovan,123345,1097.7705,14,2021-12-14T00:08:01.631Z,0
249,Harmony Shard 0,113788302,1012715.8878,14,2021-12-14T00:08:01.631Z,0
250,xDAI Archival,93850,835.265,14,2021-12-14T00:08:01.631Z,0
251,Ethereum Rinkeby,406927,3621.6503,14,2021-12-14T00:08:01.631Z,0
252,Avalanche Mainnet,570035,5073.3115,14,2021-12-14T00:08:01.631Z,0
253,Polygon Archival,138237,1230.3093,14,2021-12-14T00:08:01.631Z,0
254,BSC Mainnet,63663,566.6007,14,2021-12-14T00:08:01.631Z,0
255,Ethereum Ropsten,141988,1263.6932,14,2021-12-14T00:08:01.631Z,0
256,POKT Mainnet,109775,976.9975,14,2021-12-14T00:08:01.631Z,0
257,Polygon Mainnet,2329847,20735.6383,14,2021-12-14T00:08:01.631Z,0
258,Ethereum,34293570,305212.773,14,2021-12-14T00:08:01.631Z,0
259,FUSE Mainnet,6699300,59623.77,14,2021-12-14T00:08:01.631Z,0
260,ETH Archival Trace,3299105,29362.0345,14,2021-12-14T00:08:01.631Z,0
261,FUSE Archival,108820,968.498,14,2021-12-14T00:08:01.631Z,0
262,Solana Mainnet,259452,2309.1228,14,2021-12-14T00:08:01.631Z,0
263,IoTeX Mainnet,121871,1084.6519,14,2021-12-14T00:08:01.631Z,0
264,Solana Mainnet,295271,2627.9119,Dec 15,2021-12-15T00:10:38.419Z,0
265,Ethereum,37066680,329893.452,Dec 15,2021-12-15T00:10:38.419Z,0
266,xDAI Archival,116911,1040.5079,Dec 15,2021-12-15T00:10:38.419Z,0
267,BSC Mainnet,142079,1264.5031,Dec 15,2021-12-15T00:10:38.419Z,0
268,POKT Mainnet,108635,966.8515,Dec 15,2021-12-15T00:10:38.419Z,0
269,Polygon Mainnet,2358412,20989.8668,Dec 15,2021-12-15T00:10:38.419Z,0
270,FUSE Mainnet,6209026,55260.3314,Dec 15,2021-12-15T00:10:38.419Z,0
271,FUSE Archival,121066,1077.4874,Dec 15,2021-12-15T00:10:38.419Z,0
272,Harmony Shard 0,115155947,1024887.9283,Dec 15,2021-12-15T00:10:38.419Z,0
273,ETH Archival Trace,4357752,38783.9928,Dec 15,2021-12-15T00:10:38.419Z,0
274,Ethereum Kovan,142836,1271.2404,Dec 15,2021-12-15T00:10:38.419Z,0
275,Avalanche Mainnet,384385,3421.0265,Dec 15,2021-12-15T00:10:38.419Z,0
276,Ethereum Ropsten,155679,1385.5431,Dec 15,2021-12-15T00:10:38.419Z,0
277,IoTeX Mainnet,131635,1171.5515,Dec 15,2021-12-15T00:10:38.419Z,0
278,Ethereum Rinkeby,342171,3045.3219,Dec 15,2021-12-15T00:10:38.419Z,0
279,Ethereum Goerli,412234,3668.8826,Dec 15,2021-12-15T00:10:38.419Z,0
280,xDAI,1293575,11512.8175,Dec 15,2021-12-15T00:10:38.419Z,0
281,Polygon Archival,132626,1180.3714,Dec 15,2021-12-15T00:10:38.419Z,0
282,xDAI,1077707,9591.5923,16,2021-12-16T00:14:09.553Z,0
283,POKT Mainnet,111144,989.1816,16,2021-12-16T00:14:09.553Z,0
284,Polygon Mainnet,3231602,28761.2578,16,2021-12-16T00:14:09.553Z,0
285,FUSE Mainnet,6149427,54729.9003,16,2021-12-16T00:14:09.553Z,0
286,Ethereum Goerli,499099,4441.9811,16,2021-12-16T00:14:09.553Z,0
287,BSC Mainnet,152358,1355.9862,16,2021-12-16T00:14:09.553Z,0
288,IoTeX Mainnet,135467,1205.6563,16,2021-12-16T00:14:09.553Z,0
289,Ethereum Rinkeby,356297,3171.0433,16,2021-12-16T00:14:09.553Z,0
290,Avalanche Mainnet,347027,3088.5403,16,2021-12-16T00:14:09.553Z,0
291,Ethereum Ropsten,163496,1455.1144,16,2021-12-16T00:14:09.553Z,0
292,Solana Mainnet,304083,2706.3387,16,2021-12-16T00:14:09.553Z,0
293,FUSE Archival,122111,1086.7879,16,2021-12-16T00:14:09.553Z,0
294,Harmony Shard 0,126313889,1124193.6121,16,2021-12-16T00:14:09.553Z,0
295,ETH Archival Trace,3845245,34222.6805,16,2021-12-16T00:14:09.553Z,0
296,Ethereum Kovan,164360,1462.804,16,2021-12-16T00:14:09.553Z,0
297,Ethereum,34727772,309077.1708,16,2021-12-16T00:14:09.553Z,0
298,Polygon Archival,142503,1268.2767,16,2021-12-16T00:14:09.553Z,0
299,xDAI Archival,112233,998.8737,16,2021-12-16T00:14:09.553Z,0
300,Ethereum Archival,53,0.4717,16,2021-12-16T00:14:09.553Z,0
301,FUSE Mainnet,6110706,54385.2834,17,2021-12-17T00:05:26.433Z,0
302,BSC Mainnet,163515,1455.2835,17,2021-12-17T00:05:26.433Z,0
303,Ethereum Kovan,195552,1740.4128,17,2021-12-17T00:05:26.433Z,0
304,xDAI Archival,121899,1084.9011,17,2021-12-17T00:05:26.433Z,0
305,Ethereum Ropsten,162831,1449.1959,17,2021-12-17T00:05:26.433Z,0
306,Ethereum,33285793,296243.5577,17,2021-12-17T00:05:26.433Z,0
307,Ethereum Goerli,571939,5090.2571,17,2021-12-17T00:05:26.433Z,0
308,ETH Archival Trace,4197171,37354.8219,17,2021-12-17T00:05:26.433Z,0
309,Avalanche Mainnet,424937,3781.9393,17,2021-12-17T00:05:26.433Z,0
310,Polygon Archival,162239,1443.9270999999999,17,2021-12-17T00:05:26.433Z,0
311,POKT Mainnet,116697,1038.6033,17,2021-12-17T00:05:26.433Z,0
312,Polygon Mainnet,3183233,28330.7737,17,2021-12-17T00:05:26.433Z,0
313,Ethereum Rinkeby,376988,3355.1932,17,2021-12-17T00:05:26.433Z,0
314,IoTeX Mainnet,161616,1438.3824,17,2021-12-17T00:05:26.433Z,0
315,xDAI,1324924,11791.8236,17,2021-12-17T00:05:26.433Z,0
316,Solana Mainnet,330504,2941.4856,17,2021-12-17T00:05:26.433Z,0
317,Harmony Shard 0,128799477,1146315.3453,17,2021-12-17T00:05:26.433Z,0
318,FUSE Archival,134724,1199.0436,17,2021-12-17T00:05:26.433Z,0
319,Ethereum Archival,2034,18.1026,17,2021-12-17T00:05:26.433Z,0
320,xDAI,1298433,11556.0537,18,2021-12-18T00:03:48.107Z,0
321,Ethereum,32315061,287604.0429,18,2021-12-18T00:03:48.107Z,0
322,Ethereum Ropsten,83101,739.5989,18,2021-12-18T00:03:48.107Z,0
323,POKT Mainnet,118076,1050.8764,18,2021-12-18T00:03:48.107Z,0
324,Polygon Mainnet,1767359,15729.4951,18,2021-12-18T00:03:48.107Z,0
325,Harmony Shard 0,118477284,1054447.8276,18,2021-12-18T00:03:48.107Z,0
326,xDAI Archival,58830,523.587,18,2021-12-18T00:03:48.107Z,0
327,Solana Mainnet,234330,2085.537,18,2021-12-18T00:03:48.107Z,0
328,Polygon Archival,80682,718.0698,18,2021-12-18T00:03:48.107Z,0
329,Avalanche Mainnet,209479,1864.3631,18,2021-12-18T00:03:48.107Z,0
330,ETH Archival Trace,2866539,25512.1971,18,2021-12-18T00:03:48.107Z,0
331,FUSE Mainnet,5918861,52677.8629,18,2021-12-18T00:03:48.107Z,0
332,BSC Mainnet,110737,985.5593,18,2021-12-18T00:03:48.107Z,0
333,Ethereum Goerli,571588,5087.1332,18,2021-12-18T00:03:48.107Z,0
334,Ethereum Rinkeby,271627,2417.4803,18,2021-12-18T00:03:48.107Z,0
335,IoTeX Mainnet,76728,682.8792,18,2021-12-18T00:03:48.107Z,0
336,FUSE Archival,65948,586.9372,18,2021-12-18T00:03:48.107Z,0
337,Ethereum Kovan,74106,659.5434,18,2021-12-18T00:03:48.107Z,0
338,POKT Mainnet,122743,1092.4127,19,2021-12-19T00:16:35.432Z,0
339,Solana Mainnet,515111,4584.4879,19,2021-12-19T00:16:35.432Z,0
340,xDAI,1305942,11622.8838,19,2021-12-19T00:16:35.432Z,0
341,Ethereum Ropsten,177840,1582.776,19,2021-12-19T00:16:35.432Z,0
342,IoTeX Mainnet,163658,1456.5562,19,2021-12-19T00:16:35.432Z,0
343,FUSE Mainnet,5775429,51401.3181,19,2021-12-19T00:16:35.432Z,0
344,Ethereum,34786425,309599.1825,19,2021-12-19T00:16:35.432Z,0
345,Ethereum Rinkeby,383718,3415.0902,19,2021-12-19T00:16:35.432Z,0
346,Ethereum Goerli,637224,5671.2936,19,2021-12-19T00:16:35.432Z,0
347,BSC Mainnet,145387,1293.9442999999999,19,2021-12-19T00:16:35.432Z,0
348,Harmony Shard 0,126089614,1122197.5646,19,2021-12-19T00:16:35.432Z,0
349,Avalanche Mainnet,263040,2341.056,19,2021-12-19T00:16:35.432Z,0
350,Polygon Mainnet,1261340,11225.926,19,2021-12-19T00:16:35.432Z,0
351,Polygon Archival,124224,1105.5936,19,2021-12-19T00:16:35.432Z,0
352,ETH Archival Trace,3267003,29076.3267,19,2021-12-19T00:16:35.432Z,0
353,Ethereum Kovan,149463,1330.2207,19,2021-12-19T00:16:35.432Z,0
354,xDAI Archival,125557,1117.4573,19,2021-12-19T00:16:35.432Z,0
355,FUSE Archival,139920,1245.288,19,2021-12-19T00:16:35.432Z,0
356,Ethereum Archival,1852,16.4828,19,2021-12-19T00:16:35.432Z,0
357,BSC Mainnet,159875,1422.8875,20,2021-12-20T00:13:13.881Z,0
358,Avalanche Mainnet,249763,2222.8907,20,2021-12-20T00:13:13.881Z,0
359,Ethereum Rinkeby,375226,3339.5114,20,2021-12-20T00:13:13.881Z,0
360,xDAI,1782936,15868.1304,20,2021-12-20T00:13:13.881Z,0
361,Ethereum Goerli,901868,8026.6251999999995,20,2021-12-20T00:13:13.881Z,0
362,Ethereum,36113414,321409.3846,20,2021-12-20T00:13:13.881Z,0
363,FUSE Mainnet,6339961,56425.6529,20,2021-12-20T00:13:13.881Z,0
364,Polygon Mainnet,2016101,17943.2989,20,2021-12-20T00:13:13.881Z,0
365,ETH Archival Trace,4077490,36289.661,20,2021-12-20T00:13:13.881Z,0
366,Harmony Shard 0,140255071,1248270.1319,20,2021-12-20T00:13:13.881Z,0
367,Ethereum Kovan,134814,1199.8446,20,2021-12-20T00:13:13.881Z,0
368,xDAI Archival,121322,1079.7658,20,2021-12-20T00:13:13.881Z,0
369,Solana Mainnet,587657,5230.1473,20,2021-12-20T00:13:13.881Z,0
370,Ethereum Ropsten,176137,1567.6193,20,2021-12-20T00:13:13.881Z,0
371,IoTeX Mainnet,156975,1397.0775,20,2021-12-20T00:13:13.881Z,0
372,POKT Mainnet,152455,1356.8495,20,2021-12-20T00:13:13.881Z,0
373,Polygon Archival,164787,1466.6043,20,2021-12-20T00:13:13.881Z,0
374,FUSE Archival,135773,1208.3797,20,2021-12-20T00:13:13.881Z,0
375,FUSE Mainnet,3538557,31493.1573,21,2021-12-21T00:14:15.215Z,0
376,Ethereum Goerli,557948,4965.7372,21,2021-12-21T00:14:15.215Z,0
377,Ethereum Kovan,84589,752.8421,21,2021-12-21T00:14:15.215Z,0
378,Ethereum Ropsten,107377,955.6553,21,2021-12-21T00:14:15.215Z,0
379,ETH Archival Trace,2897878,25791.1142,21,2021-12-21T00:14:15.215Z,0
380,BSC Mainnet,89360,795.304,21,2021-12-21T00:14:15.215Z,0
381,Ethereum,24525835,218279.9315,21,2021-12-21T00:14:15.215Z,0
382,Polygon Mainnet,2477511,22049.8479,21,2021-12-21T00:14:15.215Z,0
383,Avalanche Mainnet,202818,1805.0801999999999,21,2021-12-21T00:14:15.215Z,0
384,Solana Mainnet,419158,3730.5062,21,2021-12-21T00:14:15.215Z,0
385,xDAI,1000713,8906.3457,21,2021-12-21T00:14:15.215Z,0
386,Ethereum Rinkeby,256261,2280.7228999999998,21,2021-12-21T00:14:15.215Z,0
387,Harmony Shard 0,85180718,758108.3902,21,2021-12-21T00:14:15.215Z,0
388,xDAI Archival,80478,716.2542,21,2021-12-21T00:14:15.215Z,0
389,Polygon Archival,84878,755.4141999999999,21,2021-12-21T00:14:15.215Z,0
390,POKT Mainnet,103375,920.0375,21,2021-12-21T00:14:15.215Z,0
391,IoTeX Mainnet,100294,892.6166,21,2021-12-21T00:14:15.215Z,0
392,FUSE Archival,84479,751.8631,21,2021-12-21T00:14:15.215Z,0
393,POKT Mainnet,324680,2889.652,22,2021-12-22T00:08:32.506Z,0
394,Ethereum Ropsten,165710,1474.819,22,2021-12-22T00:08:32.506Z,0
395,IoTeX Mainnet,178004,1584.2356,22,2021-12-22T00:08:32.506Z,0
396,Avalanche Mainnet,340139,3027.2371,22,2021-12-22T00:08:32.506Z,0
397,Polygon Mainnet,2675935,23815.8215,22,2021-12-22T00:08:32.506Z,0
398,Harmony Shard 0,140692441,1252162.7249,22,2021-12-22T00:08:32.506Z,0
399,BSC Mainnet,174853,1556.1917,22,2021-12-22T00:08:32.506Z,0
400,xDAI Archival,137711,1225.6279,22,2021-12-22T00:08:32.506Z,0
401,Solana Mainnet,685277,6098.9653,22,2021-12-22T00:08:32.506Z,0
402,Ethereum,38200620,339985.518,22,2021-12-22T00:08:32.506Z,0
403,FUSE Mainnet,8865688,78904.6232,22,2021-12-22T00:08:32.506Z,0
404,xDAI,2428392,21612.6888,22,2021-12-22T00:08:32.506Z,0
405,Ethereum Kovan,131225,1167.9025,22,2021-12-22T00:08:32.506Z,0
406,Polygon Archival,168168,1496.6951999999999,22,2021-12-22T00:08:32.506Z,0
407,Ethereum Rinkeby,394812,3513.8268,22,2021-12-22T00:08:32.506Z,0
408,Ethereum Goerli,909959,8098.6350999999995,22,2021-12-22T00:08:32.506Z,0
409,ETH Archival Trace,4832330,43007.737,22,2021-12-22T00:08:32.506Z,0
410,FUSE Archival,142861,1271.4629,22,2021-12-22T00:08:32.506Z,0
411,Ethereum Archival,13,0.1157,22,2021-12-22T00:08:32.506Z,0
412,ETH Archival Trace,4308643,38346.9227,23,2021-12-23T00:05:14.523Z,0
413,Polygon Archival,219851,1956.6739,23,2021-12-23T00:05:14.523Z,0
414,xDAI Archival,125425,1116.2825,23,2021-12-23T00:05:14.523Z,0
415,IoTeX Mainnet,149074,1326.7586,23,2021-12-23T00:05:14.523Z,0
416,Ethereum Ropsten,155288,1382.0632,23,2021-12-23T00:05:14.523Z,0
417,BSC Mainnet,217186,1932.9554,23,2021-12-23T00:05:14.523Z,0
418,Ethereum Goerli,834904,7430.6456,23,2021-12-23T00:05:14.523Z,0
419,Polygon Mainnet,3723928,33142.9592,23,2021-12-23T00:05:14.523Z,0
420,Ethereum Kovan,133002,1183.7178,23,2021-12-23T00:05:14.523Z,0
421,Ethereum Rinkeby,372824,3318.1336,23,2021-12-23T00:05:14.523Z,0
422,Harmony Shard 0,144126923,1282729.6147,23,2021-12-23T00:05:14.523Z,0
423,Avalanche Mainnet,402952,3586.2728,23,2021-12-23T00:05:14.523Z,0
424,xDAI,2035079,18112.2031,23,2021-12-23T00:05:14.523Z,0
425,Ethereum,32103245,285718.88049999997,23,2021-12-23T00:05:14.523Z,0
426,POKT Mainnet,273179,2431.2931,23,2021-12-23T00:05:14.523Z,0
427,Solana Mainnet,616257,5484.6873,23,2021-12-23T00:05:14.523Z,0
428,FUSE Mainnet,7260648,64619.7672,23,2021-12-23T00:05:14.523Z,0
429,FUSE Archival,140420,1249.738,23,2021-12-23T00:05:14.523Z,0
430,Solana Mainnet,617462,5495.4118,24,2021-12-24T00:09:05.339Z,0
431,Harmony Shard 0,133386884,1187143.2676,24,2021-12-24T00:09:05.339Z,0
432,Ethereum Rinkeby,377700,3361.5299999999997,24,2021-12-24T00:09:05.339Z,0
433,POKT Mainnet,258706,2302.4834,24,2021-12-24T00:09:05.339Z,0
434,BSC Mainnet,245274,2182.9386,24,2021-12-24T00:09:05.339Z,0
435,xDAI Archival,120847,1075.5383,24,2021-12-24T00:09:05.339Z,0
436,xDAI,1996902,17772.4278,24,2021-12-24T00:09:05.339Z,0
437,Ethereum Ropsten,134053,1193.0717,24,2021-12-24T00:09:05.339Z,0
438,FUSE Mainnet,12313501,109590.1589,24,2021-12-24T00:09:05.339Z,0
439,Polygon Mainnet,4970650,44238.784999999996,24,2021-12-24T00:09:05.339Z,0
440,ETH Archival Trace,4222286,37578.3454,24,2021-12-24T00:09:05.339Z,0
441,Ethereum,29188350,259776.315,24,2021-12-24T00:09:05.339Z,0
442,Ethereum Goerli,859829,7652.4781,24,2021-12-24T00:09:05.339Z,0
443,Ethereum Kovan,143283,1275.2187,24,2021-12-24T00:09:05.339Z,0
444,Avalanche Mainnet,445737,3967.0593,24,2021-12-24T00:09:05.339Z,0
445,IoTeX Mainnet,152522,1357.4458,24,2021-12-24T00:09:05.339Z,0
446,Polygon Archival,211390,1881.371,24,2021-12-24T00:09:05.339Z,0
447,FUSE Archival,145298,1293.1522,24,2021-12-24T00:09:05.339Z,0
448,Ethereum Rinkeby,358406,3189.8134,25,2021-12-25T00:00:38.954Z,0
449,Harmony Shard 0,119940515,1067470.5835,25,2021-12-25T00:00:38.954Z,0
450,ETH Archival Trace,4110087,36579.7743,25,2021-12-25T00:00:38.954Z,0
451,FUSE Archival,138782,1235.1598,25,2021-12-25T00:00:38.954Z,0
452,xDAI Archival,135623,1207.0447,25,2021-12-25T00:00:38.954Z,0
453,Ethereum Ropsten,127844,1137.8116,25,2021-12-25T00:00:38.954Z,0
454,Avalanche Mainnet,458690,4082.341,25,2021-12-25T00:00:38.954Z,0
455,Polygon Mainnet,4209442,37464.0338,25,2021-12-25T00:00:38.954Z,0
456,Ethereum,26377781,234762.25089999998,25,2021-12-25T00:00:38.954Z,0
457,xDAI,2105819,18741.789099999998,25,2021-12-25T00:00:38.954Z,0
458,IoTeX Mainnet,159491,1419.4699,25,2021-12-25T00:00:38.954Z,0
459,Ethereum Goerli,1016993,9051.2377,25,2021-12-25T00:00:38.954Z,0
460,FUSE Mainnet,14270470,127007.183,25,2021-12-25T00:00:38.954Z,0
461,Solana Mainnet,648831,5774.5959,25,2021-12-25T00:00:38.954Z,0
462,BSC Mainnet,267336,2379.2904,25,2021-12-25T00:00:38.954Z,0
463,POKT Mainnet,265451,2362.5139,25,2021-12-25T00:00:38.954Z,0
464,Polygon Archival,223727,1991.1703,25,2021-12-25T00:00:38.954Z,0
465,Ethereum Kovan,155320,1382.348,25,2021-12-25T00:00:38.954Z,0
466,FUSE Mainnet,13107944,116660.7016,26,2021-12-26T00:08:09.206Z,0
467,BSC Mainnet,279581,2488.2709,26,2021-12-26T00:08:09.206Z,0
468,FUSE Archival,139185,1238.7465,26,2021-12-26T00:08:09.206Z,0
469,Ethereum Goerli,1013127,9016.8303,26,2021-12-26T00:08:09.206Z,0
470,Ethereum Rinkeby,353685,3147.7965,26,2021-12-26T00:08:09.206Z,0
471,Ethereum Kovan,127508,1134.8212,26,2021-12-26T00:08:09.206Z,0
472,Solana Mainnet,637907,5677.3723,26,2021-12-26T00:08:09.206Z,0
473,Ethereum Ropsten,138157,1229.5973,26,2021-12-26T00:08:09.206Z,0
474,xDAI Archival,129559,1153.0751,26,2021-12-26T00:08:09.206Z,0
475,ETH Archival Trace,3885242,34578.6538,26,2021-12-26T00:08:09.206Z,0
476,Avalanche Mainnet,461057,4103.4073,26,2021-12-26T00:08:09.206Z,0
477,POKT Mainnet,262652,2337.6028,26,2021-12-26T00:08:09.206Z,0
478,Harmony Shard 0,127534033,1135052.8937,26,2021-12-26T00:08:09.206Z,0
479,xDAI,1798040,16002.556,26,2021-12-26T00:08:09.206Z,0
480,IoTeX Mainnet,157537,1402.0792999999999,26,2021-12-26T00:08:09.206Z,0
481,Polygon Archival,199103,1772.0167,26,2021-12-26T00:08:09.206Z,0
482,Polygon Mainnet,4610894,41036.9566,26,2021-12-26T00:08:09.206Z,0
483,Ethereum,29177630,259680.907,26,2021-12-26T00:08:09.206Z,0
484,Ethereum Archival,501,4.4589,26,2021-12-26T00:08:09.206Z,0
485,Ethereum Kovan,130862,1164.6718,27,2021-12-27T00:07:59.112Z,0
486,IoTeX Mainnet,151197,1345.6533,27,2021-12-27T00:07:59.112Z,0
487,Polygon Mainnet,5369073,47784.7497,27,2021-12-27T00:07:59.112Z,0
488,Harmony Shard 0,136514292,1214977.1988,27,2021-12-27T00:07:59.112Z,0
489,Solana Mainnet,645032,5740.7848,27,2021-12-27T00:07:59.112Z,0
490,Avalanche Mainnet,427919,3808.4791,27,2021-12-27T00:07:59.112Z,0
491,Ethereum,31295563,278530.5107,27,2021-12-27T00:07:59.112Z,0
492,Ethereum Rinkeby,336284,2992.9276,27,2021-12-27T00:07:59.112Z,0
493,ETH Archival Trace,4167464,37090.4296,27,2021-12-27T00:07:59.112Z,0
494,Ethereum Ropsten,149064,1326.6696,27,2021-12-27T00:07:59.112Z,0
495,POKT Mainnet,271613,2417.3557,27,2021-12-27T00:07:59.112Z,0
496,FUSE Archival,137667,1225.2363,27,2021-12-27T00:07:59.112Z,0
497,xDAI,1939516,17261.6924,27,2021-12-27T00:07:59.112Z,0
498,BSC Mainnet,319911,2847.2079,27,2021-12-27T00:07:59.112Z,0
499,xDAI Archival,130869,1164.7341,27,2021-12-27T00:07:59.112Z,0
500,Ethereum Goerli,868679,7731.2431,27,2021-12-27T00:07:59.112Z,0
501,Polygon Archival,221863,1974.5807,27,2021-12-27T00:07:59.112Z,0
502,FUSE Mainnet,11585377,103109.8553,27,2021-12-27T00:07:59.112Z,0
503,Ethereum Archival,52479,467.0631,27,2021-12-27T00:07:59.112Z,0
504,ETH Archival Trace,4292552,38203.7128,28,2021-12-28T00:08:58.526Z,0
505,Harmony Shard 0,143648707,1278473.4923,28,2021-12-28T00:08:58.526Z,0
506,Ethereum,47365663,421554.4007,28,2021-12-28T00:08:58.526Z,0
507,xDAI Archival,160681,1430.0609,28,2021-12-28T00:08:58.526Z,0
508,POKT Mainnet,271633,2417.5337,28,2021-12-28T00:08:58.526Z,0
509,Ethereum Ropsten,155204,1381.3156,28,2021-12-28T00:08:58.526Z,0
510,Avalanche Mainnet,286058,2545.9162,28,2021-12-28T00:08:58.526Z,0
511,IoTeX Mainnet,159067,1415.6963,28,2021-12-28T00:08:58.526Z,0
512,FUSE Mainnet,9730658,86602.8562,28,2021-12-28T00:08:58.526Z,0
513,Ethereum Kovan,146103,1300.3167,28,2021-12-28T00:08:58.526Z,0
514,FUSE Archival,136838,1217.8582,28,2021-12-28T00:08:58.526Z,0
515,Ethereum Goerli,854560,7605.584,28,2021-12-28T00:08:58.526Z,0
516,Ethereum Rinkeby,353885,3149.5765,28,2021-12-28T00:08:58.526Z,0
517,Polygon Mainnet,5038000,44838.2,28,2021-12-28T00:08:58.526Z,0
518,xDAI,2574052,22909.0628,28,2021-12-28T00:08:58.526Z,0
519,Solana Mainnet,617457,5495.3673,28,2021-12-28T00:08:58.526Z,0
520,BSC Mainnet,358560,3191.184,28,2021-12-28T00:08:58.526Z,0
521,Polygon Archival,209662,1865.9918,28,2021-12-28T00:08:58.526Z,0
522,Ethereum Archival,87372,777.6108,28,2021-12-28T00:08:58.526Z,0
523,Ethereum Archival,72885,648.6765,29,2021-12-29T00:01:19.697Z,0
524,xDAI Archival,138595,1233.4955,29,2021-12-29T00:01:19.697Z,0
525,Solana Mainnet,650723,5791.4347,29,2021-12-29T00:01:19.697Z,0
526,xDAI,2140220,19047.958,29,2021-12-29T00:01:19.697Z,0
527,Ethereum Kovan,147775,1315.1975,29,2021-12-29T00:01:19.697Z,0
528,FUSE Mainnet,7416517,66007.0013,29,2021-12-29T00:01:19.697Z,0
529,BSC Mainnet,367488,3270.6432,29,2021-12-29T00:01:19.697Z,0
530,Ethereum Goerli,876496,7800.8144,29,2021-12-29T00:01:19.697Z,0
531,Ethereum Rinkeby,388916,3461.3523999999998,29,2021-12-29T00:01:19.697Z,0
532,Polygon Mainnet,4524046,40264.0094,29,2021-12-29T00:01:19.697Z,0
533,IoTeX Mainnet,162267,1444.1763,29,2021-12-29T00:01:19.697Z,0
534,POKT Mainnet,272140,2422.046,29,2021-12-29T00:01:19.697Z,0
535,Ethereum Ropsten,149032,1326.3848,29,2021-12-29T00:01:19.697Z,0
536,Harmony Shard 0,151782704,1350866.0656,29,2021-12-29T00:01:19.697Z,0
537,Ethereum,38671266,344174.2674,29,2021-12-29T00:01:19.697Z,0
538,Avalanche Mainnet,260159,2315.4151,29,2021-12-29T00:01:19.697Z,0
539,ETH Archival Trace,4536439,40374.3071,29,2021-12-29T00:01:19.697Z,0
540,Polygon Archival,214966,1913.1974,29,2021-12-29T00:01:19.697Z,0
541,FUSE Archival,155885,1387.3765,29,2021-12-29T00:01:19.697Z,0
542,Harmony Shard 0,147033212,1308595.5868,30,2021-12-30T00:09:08.702Z,0
543,FUSE Mainnet,5312882,47284.6498,30,2021-12-30T00:09:08.702Z,0
544,Ethereum Ropsten,138258,1230.4962,30,2021-12-30T00:09:08.702Z,0
545,FUSE Archival,143070,1273.323,30,2021-12-30T00:09:08.702Z,0
546,Polygon Mainnet,3250402,28928.5778,30,2021-12-30T00:09:08.702Z,0
547,Avalanche Mainnet,295578,2630.6442,30,2021-12-30T00:09:08.702Z,0
548,Solana Mainnet,628145,5590.4905,30,2021-12-30T00:09:08.702Z,0
549,xDAI Archival,131341,1168.9349,30,2021-12-30T00:09:08.702Z,0
550,xDAI,2059142,18326.3638,30,2021-12-30T00:09:08.702Z,0
551,Ethereum Rinkeby,390840,3478.476,30,2021-12-30T00:09:08.702Z,0
552,Ethereum Kovan,145389,1293.9621,30,2021-12-30T00:09:08.702Z,0
553,POKT Mainnet,208125,1852.3125,30,2021-12-30T00:09:08.702Z,0
554,BSC Mainnet,386267,3437.7763,30,2021-12-30T00:09:08.702Z,0
555,ETH Archival Trace,4316527,38417.090299999996,30,2021-12-30T00:09:08.702Z,0
556,Ethereum Goerli,760704,6770.2656,30,2021-12-30T00:09:08.702Z,0
557,Ethereum,34573065,307700.2785,30,2021-12-30T00:09:08.702Z,0
558,Ethereum Archival,73718,656.0902,30,2021-12-30T00:09:08.702Z,0
559,Polygon Archival,216424,1926.1736,30,2021-12-30T00:09:08.702Z,0
560,IoTeX Mainnet,150569,1340.0641,30,2021-12-30T00:09:08.702Z,0
561,xDAI Archival,133047,1184.1183,Dec 31,2021-12-31T00:12:59.455Z,0
562,FUSE Archival,143463,1276.8207,Dec 31,2021-12-31T00:12:59.455Z,0
563,Polygon Mainnet,4793066,42658.2874,Dec 31,2021-12-31T00:12:59.455Z,0
564,ETH Archival Trace,3907166,34773.7774,Dec 31,2021-12-31T00:12:59.455Z,0
565,Ethereum Ropsten,143391,1276.1799,Dec 31,2021-12-31T00:12:59.455Z,0
566,Harmony Shard 0,145732129,1297015.9481,Dec 31,2021-12-31T00:12:59.455Z,0
567,Polygon Archival,218919,1948.3790999999999,Dec 31,2021-12-31T00:12:59.455Z,0
568,Ethereum,31340920,278934.188,Dec 31,2021-12-31T00:12:59.455Z,0
569,FUSE Mainnet,5116276,45534.8564,Dec 31,2021-12-31T00:12:59.455Z,0
570,POKT Mainnet,193966,1726.2974,Dec 31,2021-12-31T00:12:59.455Z,0
571,Ethereum Goerli,739161,6578.5329,Dec 31,2021-12-31T00:12:59.455Z,0
572,Solana Mainnet,666049,5927.8360999999995,Dec 31,2021-12-31T00:12:59.455Z,0
573,Ethereum Rinkeby,351871,3131.6519,Dec 31,2021-12-31T00:12:59.455Z,0
574,xDAI,2121051,18877.3539,Dec 31,2021-12-31T00:12:59.455Z,0
575,Avalanche Mainnet,161177,1434.4753,Dec 31,2021-12-31T00:12:59.455Z,0
576,IoTeX Mainnet,157385,1400.7265,Dec 31,2021-12-31T00:12:59.455Z,0
577,BSC Mainnet,382632,3405.4248,Dec 31,2021-12-31T00:12:59.455Z,0
578,Ethereum Kovan,152787,1359.8043,Dec 31,2021-12-31T00:12:59.455Z,0
579,Ethereum Archival,76965,684.9885,Dec 31,2021-12-31T00:12:59.455Z,0
580,Ethereum Archival,80299,714.6611,Jan 1,2022-01-01T00:01:21.052Z,0
581,Avalanche Mainnet,206412,1837.0668,Jan 1,2022-01-01T00:01:21.052Z,0
582,Harmony Shard 0,151325897,1346800.4833,Jan 1,2022-01-01T00:01:21.052Z,0
583,Ethereum Rinkeby,346656,3085.2384,Jan 1,2022-01-01T00:01:21.052Z,0
584,Ethereum,28080101,249912.8989,Jan 1,2022-01-01T00:01:21.052Z,0
585,Ethereum Goerli,738499,6572.6411,Jan 1,2022-01-01T00:01:21.052Z,0
586,BSC Mainnet,367119,3267.3591,Jan 1,2022-01-01T00:01:21.052Z,0
587,Solana Mainnet,662663,5897.7007,Jan 1,2022-01-01T00:01:21.052Z,0
588,FUSE Mainnet,4897139,43584.5371,Jan 1,2022-01-01T00:01:21.052Z,0
589,Ethereum Ropsten,134044,1192.9916,Jan 1,2022-01-01T00:01:21.052Z,0
590,xDAI,2921385,26000.3265,Jan 1,2022-01-01T00:01:21.052Z,0
591,POKT Mainnet,180226,1604.0114,Jan 1,2022-01-01T00:01:21.052Z,0
592,Polygon Mainnet,3158269,28108.5941,Jan 1,2022-01-01T00:01:21.052Z,0
593,IoTeX Mainnet,162269,1444.1941,Jan 1,2022-01-01T00:01:21.052Z,0
594,ETH Archival Trace,3488506,31047.7034,Jan 1,2022-01-01T00:01:21.052Z,0
595,Polygon Archival,215307,1916.2323,Jan 1,2022-01-01T00:01:21.052Z,0
596,Ethereum Kovan,148729,1323.6881,Jan 1,2022-01-01T00:01:21.052Z,0
597,xDAI Archival,139300,1239.77,Jan 1,2022-01-01T00:01:21.052Z,0
598,FUSE Archival,155918,1387.6702,Jan 1,2022-01-01T00:01:21.052Z,0
599,xDAI,30095167,267846.9863,2,2022-01-02T00:13:21.643Z,0
600,Ethereum,30361240,270215.036,2,2022-01-02T00:13:21.643Z,0
601,Ethereum Kovan,135016,1201.6424,2,2022-01-02T00:13:21.643Z,0
602,IoTeX Mainnet,159339,1418.1171,2,2022-01-02T00:13:21.643Z,0
603,Avalanche Mainnet,283629,2524.2981,2,2022-01-02T00:13:21.643Z,0
604,Ethereum Rinkeby,352173,3134.3397,2,2022-01-02T00:13:21.643Z,0
605,Harmony Shard 0,191651181,1705695.5108999999,2,2022-01-02T00:13:21.643Z,0
606,Solana Mainnet,657231,5849.3559,2,2022-01-02T00:13:21.643Z,0
607,ETH Archival Trace,3621087,32227.6743,2,2022-01-02T00:13:21.643Z,0
608,Polygon Archival,216006,1922.4533999999999,2,2022-01-02T00:13:21.643Z,0
609,Ethereum Ropsten,141914,1263.0346,2,2022-01-02T00:13:21.643Z,0
610,POKT Mainnet,191401,1703.4689,2,2022-01-02T00:13:21.643Z,0
611,Polygon Mainnet,6492432,57782.6448,2,2022-01-02T00:13:21.643Z,0
612,BSC Mainnet,387158,3445.7062,2,2022-01-02T00:13:21.643Z,0
613,xDAI Archival,135927,1209.7503,2,2022-01-02T00:13:21.643Z,0
614,Ethereum Goerli,782316,6962.6124,2,2022-01-02T00:13:21.643Z,0
615,FUSE Mainnet,5688106,50624.1434,2,2022-01-02T00:13:21.643Z,0
616,FUSE Archival,158746,1412.8394,2,2022-01-02T00:13:21.643Z,0
617,Ethereum Archival,79519,707.7191,2,2022-01-02T00:13:21.643Z,0
618,Ethereum,35732347,318017.8883,3,2022-01-03T00:13:32.152Z,0
619,Harmony Shard 0,255834111,2276923.5879,3,2022-01-03T00:13:32.152Z,0
620,xDAI Archival,142536,1268.5704,3,2022-01-03T00:13:32.152Z,0
621,ETH Archival Trace,3698695,32918.3855,3,2022-01-03T00:13:32.152Z,0
622,Solana Mainnet,716900,6380.41,3,2022-01-03T00:13:32.152Z,0
623,Ethereum Goerli,811924,7226.1236,3,2022-01-03T00:13:32.152Z,0
624,Ethereum Rinkeby,331729,2952.3881,3,2022-01-03T00:13:32.152Z,0
625,FUSE Mainnet,5769863,51351.7807,3,2022-01-03T00:13:32.152Z,0
626,BSC Mainnet,439280,3909.592,3,2022-01-03T00:13:32.152Z,0
627,POKT Mainnet,191053,1700.3717,3,2022-01-03T00:13:32.152Z,0
628,Ethereum Kovan,142500,1268.25,3,2022-01-03T00:13:32.152Z,0
629,FUSE Archival,150906,1343.0634,3,2022-01-03T00:13:32.152Z,0
630,IoTeX Mainnet,145754,1297.2105999999999,3,2022-01-03T00:13:32.152Z,0
631,Ethereum Ropsten,121111,1077.8879,3,2022-01-03T00:13:32.152Z,0
632,xDAI,33727159,300171.7151,3,2022-01-03T00:13:32.152Z,0
633,Polygon Archival,196547,1749.2683,3,2022-01-03T00:13:32.152Z,0
634,Polygon Mainnet,5113129,45506.8481,3,2022-01-03T00:13:32.152Z,0
635,Avalanche Mainnet,192982,1717.5398,3,2022-01-03T00:13:32.152Z,0
636,Ethereum Archival,73376,653.0464,3,2022-01-03T00:13:32.152Z,0
637,FUSE Mainnet,5507472,49016.5008,4,2022-01-04T00:01:27.880Z,0
638,Avalanche Mainnet,238775,2125.0975,4,2022-01-04T00:01:27.880Z,0
639,IoTeX Mainnet,152978,1361.5042,4,2022-01-04T00:01:27.880Z,0
640,POKT Mainnet,202318,1800.6302,4,2022-01-04T00:01:27.880Z,0
641,Ethereum Rinkeby,325985,2901.2665,4,2022-01-04T00:01:27.880Z,0
642,xDAI Archival,139434,1240.9626,4,2022-01-04T00:01:27.880Z,0
643,Ethereum Ropsten,143753,1279.4017,4,2022-01-04T00:01:27.880Z,0
644,Solana Mainnet,730790,6504.031,4,2022-01-04T00:01:27.880Z,0
645,Ethereum Goerli,938729,8354.6881,4,2022-01-04T00:01:27.880Z,0
646,Ethereum,37064466,329873.7474,4,2022-01-04T00:01:27.880Z,0
647,Harmony Shard 0,262806700,2338979.63,4,2022-01-04T00:01:27.880Z,0
648,BSC Mainnet,473069,4210.3141,4,2022-01-04T00:01:27.880Z,0
649,Polygon Archival,216567,1927.4463,4,2022-01-04T00:01:27.880Z,0
650,Polygon Mainnet,7360559,65508.975099999996,4,2022-01-04T00:01:27.880Z,0
651,Ethereum Archival,68879,613.0231,4,2022-01-04T00:01:27.880Z,0
652,xDAI,22927952,204058.7728,4,2022-01-04T00:01:27.880Z,0
653,ETH Archival Trace,4852071,43183.4319,4,2022-01-04T00:01:27.880Z,0
654,FUSE Archival,153811,1368.9179,4,2022-01-04T00:01:27.880Z,0
655,Ethereum Kovan,119111,1060.0879,4,2022-01-04T00:01:27.880Z,0
656,Polygon Mainnet,8257400,73490.86,5,2022-01-05T00:06:24.991Z,0
657,Ethereum Rinkeby,352572,3137.8908,5,2022-01-05T00:06:24.991Z,0
658,Avalanche Mainnet,301853,2686.4917,5,2022-01-05T00:06:24.991Z,0
659,Ethereum Kovan,131256,1168.1784,5,2022-01-05T00:06:24.991Z,0
660,FUSE Mainnet,5325519,47397.119099999996,5,2022-01-05T00:06:24.991Z,0
661,Polygon Archival,226450,2015.405,5,2022-01-05T00:06:24.991Z,0
662,Solana Mainnet,738283,6570.7187,5,2022-01-05T00:06:24.991Z,0
663,ETH Archival Trace,4440550,39520.895,5,2022-01-05T00:06:24.991Z,0
664,Ethereum,35859108,319146.0612,5,2022-01-05T00:06:24.991Z,0
665,xDAI Archival,139910,1245.199,5,2022-01-05T00:06:24.991Z,0
666,POKT Mainnet,202793,1804.8577,5,2022-01-05T00:06:24.991Z,0
667,Ethereum Archival,71539,636.6971,5,2022-01-05T00:06:24.991Z,0
668,Ethereum Goerli,775692,6903.6588,5,2022-01-05T00:06:24.991Z,0
669,IoTeX Mainnet,157219,1399.2491,5,2022-01-05T00:06:24.991Z,0
670,xDAI,8538731,75994.7059,5,2022-01-05T00:06:24.991Z,0
671,Ethereum Ropsten,136857,1218.0273,5,2022-01-05T00:06:24.991Z,0
672,Harmony Shard 0,238398930,2121750.477,5,2022-01-05T00:06:24.991Z,0
673,BSC Mainnet,456129,4059.5481,5,2022-01-05T00:06:24.991Z,0
674,FUSE Archival,144645,1287.3405,5,2022-01-05T00:06:24.991Z,0
675,FUSE Archival,149657,1331.9473,6,2022-01-06T00:04:17.155Z,0
676,Ethereum Kovan,149828,1333.4692,6,2022-01-06T00:04:17.155Z,0
677,Solana Mainnet,752136,6694.0104,6,2022-01-06T00:04:17.155Z,0
678,xDAI Archival,132119,1175.8591,6,2022-01-06T00:04:17.155Z,0
679,IoTeX Mainnet,157433,1401.1537,6,2022-01-06T00:04:17.155Z,0
680,POKT Mainnet,214593,1909.8777,6,2022-01-06T00:04:17.155Z,0
681,Harmony Shard 0,261127460,2324034.394,6,2022-01-06T00:04:17.155Z,0
682,Polygon Archival,202692,1803.9587999999999,6,2022-01-06T00:04:17.155Z,0
683,Avalanche Mainnet,250134,2226.1926,6,2022-01-06T00:04:17.155Z,0
684,Ethereum Rinkeby,351825,3131.2425,6,2022-01-06T00:04:17.155Z,0
685,Ethereum Ropsten,126682,1127.4698,6,2022-01-06T00:04:17.155Z,0
686,ETH Archival Trace,4726604,42066.7756,6,2022-01-06T00:04:17.155Z,0
687,BSC Mainnet,379897,3381.0833,6,2022-01-06T00:04:17.155Z,0
688,Ethereum,34203682,304412.7698,6,2022-01-06T00:04:17.155Z,0
689,Ethereum Goerli,762432,6785.6448,6,2022-01-06T00:04:17.155Z,0
690,Polygon Mainnet,8017554,71356.2306,6,2022-01-06T00:04:17.155Z,0
691,FUSE Mainnet,5128258,45641.4962,6,2022-01-06T00:04:17.155Z,0
692,Ethereum Archival,71665,637.8185,6,2022-01-06T00:04:17.155Z,0
693,xDAI,2689110,23933.079,6,2022-01-06T00:04:17.155Z,0
694,Ethereum Archival,72059,641.3251,7,2022-01-07T00:13:38.664Z,0
695,ETH Archival Trace,4316185,38414.0465,7,2022-01-07T00:13:38.664Z,0
696,Ethereum,32691615,290955.3735,7,2022-01-07T00:13:38.664Z,0
697,FUSE Archival,152409,1356.4401,7,2022-01-07T00:13:38.664Z,0
698,POKT Mainnet,213653,1901.5117,7,2022-01-07T00:13:38.664Z,0
699,IoTeX Mainnet,152661,1358.6829,7,2022-01-07T00:13:38.664Z,0
700,FUSE Mainnet,5051332,44956.8548,7,2022-01-07T00:13:38.664Z,0
701,xDAI,2174950,19357.055,7,2022-01-07T00:13:38.664Z,0
702,Avalanche Mainnet,275539,2452.2971,7,2022-01-07T00:13:38.664Z,0
703,Polygon Mainnet,6913426,61529.4914,7,2022-01-07T00:13:38.664Z,0
704,BSC Mainnet,371609,3307.3201,7,2022-01-07T00:13:38.664Z,0
705,Solana Mainnet,752798,6699.9021999999995,7,2022-01-07T00:13:38.664Z,0
706,xDAI Archival,132617,1180.2913,7,2022-01-07T00:13:38.664Z,0
707,Ethereum Goerli,717362,6384.5217999999995,7,2022-01-07T00:13:38.664Z,0
708,Ethereum Ropsten,132648,1180.5672,7,2022-01-07T00:13:38.664Z,0
709,Ethereum Rinkeby,349233,3108.1737,7,2022-01-07T00:13:38.664Z,0
710,Harmony Shard 0,261270837,2325310.4493,7,2022-01-07T00:13:38.664Z,0
711,Ethereum Kovan,134127,1193.7303,7,2022-01-07T00:13:38.664Z,0
712,Polygon Archival,192356,1711.9684,7,2022-01-07T00:13:38.664Z,0
713,Ethereum Ropsten,141336,1257.8904,8,2022-01-08T00:13:57.803Z,0
714,Ethereum Rinkeby,345025,3070.7225,8,2022-01-08T00:13:57.803Z,0
715,FUSE Mainnet,5479821,48770.4069,8,2022-01-08T00:13:57.803Z,0
716,Polygon Mainnet,6500962,57858.5618,8,2022-01-08T00:13:57.803Z,0
717,Ethereum,32210450,286673.005,8,2022-01-08T00:13:57.803Z,0
718,BSC Mainnet,390986,3479.7754,8,2022-01-08T00:13:57.803Z,0
719,Polygon Archival,216817,1929.6713,8,2022-01-08T00:13:57.803Z,0
720,Ethereum Goerli,1037573,9234.3997,8,2022-01-08T00:13:57.803Z,0
721,FUSE Archival,149893,1334.0477,8,2022-01-08T00:13:57.803Z,0
722,POKT Mainnet,201925,1797.1325,8,2022-01-08T00:13:57.803Z,0
723,IoTeX Mainnet,157198,1399.0622,8,2022-01-08T00:13:57.803Z,0
724,xDAI,1996364,17767.6396,8,2022-01-08T00:13:57.803Z,0
725,Harmony Shard 0,227350769,2023421.8440999999,8,2022-01-08T00:13:57.803Z,0
726,Solana Mainnet,764991,6808.4199,8,2022-01-08T00:13:57.803Z,0
727,Avalanche Mainnet,348474,3101.4186,8,2022-01-08T00:13:57.803Z,0
728,ETH Archival Trace,4275732,38054.0148,8,2022-01-08T00:13:57.803Z,0
729,Ethereum Kovan,158915,1414.3435,8,2022-01-08T00:13:57.803Z,0
730,Ethereum Archival,72831,648.1958999999999,8,2022-01-08T00:13:57.803Z,0
731,xDAI Archival,134725,1199.0525,8,2022-01-08T00:13:57.803Z,0
732,BSC Mainnet,368128,3276.3392,9,2022-01-09T00:07:15.392Z,0
733,Ethereum Kovan,138655,1234.0295,9,2022-01-09T00:07:15.392Z,0
734,Ethereum Rinkeby,357307,3180.0323,9,2022-01-09T00:07:15.392Z,0
735,FUSE Archival,151366,1347.1574,9,2022-01-09T00:07:15.392Z,0
736,Avalanche Mainnet,267425,2380.0825,9,2022-01-09T00:07:15.392Z,0
737,Polygon Archival,215596,1918.8044,9,2022-01-09T00:07:15.392Z,0
738,FUSE Mainnet,4973482,44263.9898,9,2022-01-09T00:07:15.392Z,0
739,Polygon Mainnet,6594007,58686.662299999996,9,2022-01-09T00:07:15.392Z,0
740,Solana Mainnet,724530,6448.317,9,2022-01-09T00:07:15.392Z,0
741,Ethereum Archival,75036,667.8204,9,2022-01-09T00:07:15.392Z,0
742,xDAI,1718510,15294.739,9,2022-01-09T00:07:15.392Z,0
743,ETH Archival Trace,4489114,39953.1146,9,2022-01-09T00:07:15.392Z,0
744,Ethereum Goerli,1009059,8980.6251,9,2022-01-09T00:07:15.392Z,0
745,POKT Mainnet,187988,1673.0932,9,2022-01-09T00:07:15.392Z,0
746,Ethereum,35918136,319671.4104,9,2022-01-09T00:07:15.392Z,0
747,xDAI Archival,134694,1198.7766,9,2022-01-09T00:07:15.392Z,0
748,Ethereum Ropsten,142765,1270.6085,9,2022-01-09T00:07:15.392Z,0
749,Harmony Shard 0,243641652,2168410.7028,9,2022-01-09T00:07:15.392Z,0
750,IoTeX Mainnet,149999,1334.9911,9,2022-01-09T00:07:15.392Z,0
751,POKT Mainnet,209124,1861.2036,10,2022-01-10T00:00:17.560Z,0
752,Ethereum Ropsten,142275,1266.2475,10,2022-01-10T00:00:17.560Z,0
753,IoTeX Mainnet,147068,1308.9052,10,2022-01-10T00:00:17.560Z,0
754,Polygon Mainnet,5179741,46099.6949,10,2022-01-10T00:00:17.560Z,0
755,Ethereum Kovan,148966,1325.7974,10,2022-01-10T00:00:17.560Z,0
756,ETH Archival Trace,4839830,43074.487,10,2022-01-10T00:00:17.560Z,0
757,Ethereum Archival,72653,646.6117,10,2022-01-10T00:00:17.560Z,0
758,FUSE Mainnet,4899791,43608.1399,10,2022-01-10T00:00:17.560Z,0
759,Ethereum,45176933,402074.7037,10,2022-01-10T00:00:17.560Z,0
760,Polygon Archival,208681,1857.2609,10,2022-01-10T00:00:17.560Z,0
761,Solana Mainnet,692052,6159.2627999999995,10,2022-01-10T00:00:17.560Z,0
762,BSC Mainnet,396357,3527.5773,10,2022-01-10T00:00:17.560Z,0
763,xDAI,1884456,16771.6584,10,2022-01-10T00:00:17.560Z,0
764,Ethereum Rinkeby,343160,3054.124,10,2022-01-10T00:00:17.560Z,0
765,FUSE Archival,158699,1412.4211,10,2022-01-10T00:00:17.560Z,0
766,Ethereum Goerli,853362,7594.9218,10,2022-01-10T00:00:17.560Z,0
767,Avalanche Mainnet,311035,2768.2115,10,2022-01-10T00:00:17.560Z,0
768,Harmony Shard 0,235832780,2098911.742,10,2022-01-10T00:00:17.560Z,0
769,xDAI Archival,232870,2072.543,10,2022-01-10T00:00:17.560Z,0
770,Polygon Mainnet,6591553,58664.8217,11,2022-01-11T00:02:37.758Z,0
771,Solana Mainnet,758178,6747.7842,11,2022-01-11T00:02:37.758Z,0
772,ETH Archival Trace,5824209,51835.4601,11,2022-01-11T00:02:37.758Z,0
773,Ethereum Rinkeby,355705,3165.7745,11,2022-01-11T00:02:37.758Z,0
774,BSC Mainnet,521963,4645.4707,11,2022-01-11T00:02:37.758Z,0
775,xDAI,2091508,18614.4212,11,2022-01-11T00:02:37.758Z,0
776,Polygon Archival,199278,1773.5742,11,2022-01-11T00:02:37.758Z,0
777,FUSE Archival,161589,1438.1421,11,2022-01-11T00:02:37.758Z,0
778,Ethereum Ropsten,141480,1259.172,11,2022-01-11T00:02:37.758Z,0
779,Ethereum Kovan,144716,1287.9723999999999,11,2022-01-11T00:02:37.758Z,0
780,xDAI Archival,393571,3502.7819,11,2022-01-11T00:02:37.758Z,0
781,Ethereum Goerli,734612,6538.0468,11,2022-01-11T00:02:37.758Z,0
782,POKT Mainnet,250403,2228.5867,11,2022-01-11T00:02:37.758Z,0
783,Ethereum,47950068,426755.6052,11,2022-01-11T00:02:37.758Z,0
784,FUSE Mainnet,5623006,50044.7534,11,2022-01-11T00:02:37.758Z,0
785,Harmony Shard 0,238381960,2121599.444,11,2022-01-11T00:02:37.758Z,0
786,Avalanche Mainnet,287934,2562.6126,11,2022-01-11T00:02:37.758Z,0
787,Ethereum Archival,80872,719.7608,11,2022-01-11T00:02:37.758Z,0
788,IoTeX Mainnet,157713,1403.6457,11,2022-01-11T00:02:37.758Z,0
789,Ethereum,47074885,418966.4765,12,2022-01-12T00:03:01.477Z,0
790,IoTeX Mainnet,153712,1368.0368,12,2022-01-12T00:03:01.477Z,0
791,BSC Mainnet,416926,3710.6414,12,2022-01-12T00:03:01.477Z,0
792,Ethereum Goerli,716042,6372.7738,12,2022-01-12T00:03:01.477Z,0
793,Avalanche Mainnet,366951,3265.8639,12,2022-01-12T00:03:01.477Z,0
794,xDAI Archival,254848,2268.1472,12,2022-01-12T00:03:01.477Z,0
795,xDAI,2422965,21564.3885,12,2022-01-12T00:03:01.477Z,0
796,Ethereum Ropsten,135051,1201.9539,12,2022-01-12T00:03:01.477Z,0
797,FUSE Archival,162979,1450.5131,12,2022-01-12T00:03:01.477Z,0
798,Polygon Mainnet,7039771,62653.9619,12,2022-01-12T00:03:01.477Z,0
799,POKT Mainnet,258942,2304.5838,12,2022-01-12T00:03:01.477Z,0
800,Solana Mainnet,721752,6423.5928,12,2022-01-12T00:03:01.477Z,0
801,Ethereum Rinkeby,364232,3241.6648,12,2022-01-12T00:03:01.477Z,0
802,FUSE Mainnet,6927915,61658.4435,12,2022-01-12T00:03:01.477Z,0
803,ETH Archival Trace,5186830,46162.787,12,2022-01-12T00:03:01.477Z,0
804,Harmony Shard 0,242073957,2154458.2173,12,2022-01-12T00:03:01.477Z,0
805,Ethereum Archival,75839,674.9671,12,2022-01-12T00:03:01.477Z,0
806,Polygon Archival,196888,1752.3032,12,2022-01-12T00:03:01.477Z,0
807,Ethereum Kovan,138864,1235.8896,12,2022-01-12T00:03:01.477Z,0
808,ETH Archival Trace,5122016,45585.9424,13,2022-01-13T00:16:30.669Z,0
809,Ethereum Ropsten,128393,1142.6977,13,2022-01-13T00:16:30.669Z,0
810,Ethereum Rinkeby,341069,3035.5141,13,2022-01-13T00:16:30.669Z,0
811,BSC Mainnet,399760,3557.864,13,2022-01-13T00:16:30.669Z,0
812,Ethereum Goerli,710272,6321.4208,13,2022-01-13T00:16:30.669Z,0
813,Solana Mainnet,721174,6418.4486,13,2022-01-13T00:16:30.669Z,0
814,Harmony Shard 0,232688349,2070926.3061,13,2022-01-13T00:16:30.669Z,0
815,Ethereum,38588494,343437.5966,13,2022-01-13T00:16:30.669Z,0
816,Ethereum Kovan,148952,1325.6728,13,2022-01-13T00:16:30.669Z,0
817,xDAI,2184044,19437.9916,13,2022-01-13T00:16:30.669Z,0
818,FUSE Mainnet,7304487,65009.9343,13,2022-01-13T00:16:30.669Z,0
819,xDAI Archival,249351,2219.2239,13,2022-01-13T00:16:30.669Z,0
820,Polygon Mainnet,6037025,53729.5225,13,2022-01-13T00:16:30.669Z,0
821,Polygon Archival,192626,1714.3714,13,2022-01-13T00:16:30.669Z,0
822,POKT Mainnet,214941,1912.9749,13,2022-01-13T00:16:30.669Z,0
823,Avalanche Mainnet,264285,2352.1365,13,2022-01-13T00:16:30.669Z,0
824,IoTeX Mainnet,148897,1325.1833,13,2022-01-13T00:16:30.669Z,0
825,Ethereum Archival,77755,692.0195,13,2022-01-13T00:16:30.669Z,0
826,FUSE Archival,146417,1303.1113,13,2022-01-13T00:16:30.669Z,0
827,Ethereum,33719619,300104.6091,14,2022-01-14T00:11:59.368Z,0
828,Ethereum Archival,78397,697.7333,14,2022-01-14T00:11:59.368Z,0
829,xDAI Archival,268378,2388.5642,14,2022-01-14T00:11:59.368Z,0
830,Avalanche Mainnet,306932,2731.6947999999998,14,2022-01-14T00:11:59.368Z,0
831,ETH Archival Trace,5233615,46579.1735,14,2022-01-14T00:11:59.368Z,0
832,FUSE Mainnet,8486305,75528.1145,14,2022-01-14T00:11:59.368Z,0
833,Ethereum Rinkeby,359820,3202.398,14,2022-01-14T00:11:59.368Z,0
834,POKT Mainnet,215387,1916.9442999999999,14,2022-01-14T00:11:59.368Z,0
835,Ethereum Goerli,732952,6523.2728,14,2022-01-14T00:11:59.368Z,0
836,Polygon Mainnet,5710646,50824.7494,14,2022-01-14T00:11:59.368Z,0
837,Ethereum Ropsten,147575,1313.4175,14,2022-01-14T00:11:59.368Z,0
838,FUSE Archival,156736,1394.9504,14,2022-01-14T00:11:59.368Z,0
839,xDAI,2388637,21258.8693,14,2022-01-14T00:11:59.368Z,0
840,Ethereum Kovan,136694,1216.5766,14,2022-01-14T00:11:59.368Z,0
841,Solana Mainnet,752657,6698.6473,14,2022-01-14T00:11:59.368Z,0
842,Harmony Shard 0,188269294,1675596.7166,14,2022-01-14T00:11:59.368Z,0
843,BSC Mainnet,1091958,9718.4262,14,2022-01-14T00:11:59.368Z,0
844,IoTeX Mainnet,146874,1307.1786,14,2022-01-14T00:11:59.368Z,0
845,Polygon Archival,194851,1734.1739,14,2022-01-14T00:11:59.368Z,0
846,Solana Mainnet,703635,6262.3515,Jan 15,2022-01-15T00:10:57.961Z,0
847,POKT Mainnet,236834,2107.8226,Jan 15,2022-01-15T00:10:57.961Z,0
848,Polygon Archival,196990,1753.211,Jan 15,2022-01-15T00:10:57.961Z,0
849,Ethereum,27746548,246944.2772,Jan 15,2022-01-15T00:10:57.961Z,0
850,BSC Mainnet,1062549,9456.6861,Jan 15,2022-01-15T00:10:57.961Z,0
851,Ethereum Goerli,698514,6216.7746,Jan 15,2022-01-15T00:10:57.961Z,0
852,Polygon Mainnet,3815558,33958.4662,Jan 15,2022-01-15T00:10:57.961Z,0
853,Ethereum Archival,85194,758.2266,Jan 15,2022-01-15T00:10:57.961Z,0
854,FUSE Mainnet,6913691,61531.8499,Jan 15,2022-01-15T00:10:57.961Z,0
855,Harmony Shard 0,309667283,2756038.8187,Jan 15,2022-01-15T00:10:57.961Z,0
856,Ethereum Kovan,152698,1359.0122,Jan 15,2022-01-15T00:10:57.961Z,0
857,ETH Archival Trace,1991176,17721.4664,Jan 15,2022-01-15T00:10:57.961Z,0
858,Ethereum Ropsten,151831,1351.2959,Jan 15,2022-01-15T00:10:57.961Z,0
859,IoTeX Mainnet,164036,1459.9204,Jan 15,2022-01-15T00:10:57.961Z,0
860,Avalanche Mainnet,320538,2852.7882,Jan 15,2022-01-15T00:10:57.961Z,0
861,Ethereum Rinkeby,354970,3159.233,Jan 15,2022-01-15T00:10:57.961Z,0
862,xDAI,1738007,15468.2623,Jan 15,2022-01-15T00:10:57.961Z,0
863,xDAI Archival,292980,2607.522,Jan 15,2022-01-15T00:10:57.961Z,0
864,FUSE Archival,112401,1000.3688999999999,Jan 15,2022-01-15T00:10:57.961Z,0
865,xDAI Archival,237184,2110.9376,16,2022-01-16T00:06:26.955Z,0
866,ETH Archival Trace,2133907,18991.7723,16,2022-01-16T00:06:26.955Z,0
867,Polygon Mainnet,4021988,35795.6932,16,2022-01-16T00:06:26.955Z,0
868,BSC Mainnet,985270,8768.903,16,2022-01-16T00:06:26.955Z,0
869,Avalanche Mainnet,442727,3940.2703,16,2022-01-16T00:06:26.955Z,0
870,Harmony Shard 0,287142394,2555567.3066,16,2022-01-16T00:06:26.955Z,0
871,Ethereum Goerli,811995,7226.7555,16,2022-01-16T00:06:26.955Z,0
872,POKT Mainnet,251975,2242.5775,16,2022-01-16T00:06:26.955Z,0
873,Ethereum Kovan,133331,1186.6459,16,2022-01-16T00:06:26.955Z,0
874,Ethereum,23378887,208072.0943,16,2022-01-16T00:06:26.955Z,0
875,Ethereum Ropsten,156143,1389.6727,16,2022-01-16T00:06:26.955Z,0
876,Polygon Archival,196914,1752.5346,16,2022-01-16T00:06:26.955Z,0
877,Solana Mainnet,714657,6360.4473,16,2022-01-16T00:06:26.955Z,0
878,FUSE Mainnet,7451472,66318.1008,16,2022-01-16T00:06:26.955Z,0
879,Ethereum Rinkeby,360290,3206.581,16,2022-01-16T00:06:26.955Z,0
880,xDAI,1832675,16310.807499999999,16,2022-01-16T00:06:26.955Z,0
881,Ethereum Archival,79471,707.2918999999999,16,2022-01-16T00:06:26.955Z,0
882,IoTeX Mainnet,171747,1528.5483,16,2022-01-16T00:06:26.955Z,0
883,FUSE Archival,155353,1382.6417,16,2022-01-16T00:06:26.955Z,0
884,IoTeX Mainnet,165545,1473.3505,17,2022-01-17T00:02:47.690Z,0
885,Polygon Mainnet,3226652,28717.2028,17,2022-01-17T00:02:47.690Z,0
886,Ethereum Ropsten,154088,1371.3832,17,2022-01-17T00:02:47.690Z,0
887,xDAI Archival,328936,2927.5304,17,2022-01-17T00:02:47.690Z,0
888,xDAI,2225757,19809.2373,17,2022-01-17T00:02:47.690Z,0
889,BSC Mainnet,487868,4342.0252,17,2022-01-17T00:02:47.690Z,0
890,Ethereum,30531316,271728.7124,17,2022-01-17T00:02:47.690Z,0
891,Ethereum Archival,80017,712.1513,17,2022-01-17T00:02:47.690Z,0
892,Ethereum Goerli,959945,8543.5105,17,2022-01-17T00:02:47.690Z,0
893,FUSE Mainnet,7529397,67011.6333,17,2022-01-17T00:02:47.690Z,0
894,FUSE Archival,151003,1343.9267,17,2022-01-17T00:02:47.690Z,0
895,Avalanche Mainnet,281791,2507.9399,17,2022-01-17T00:02:47.690Z,0
896,Ethereum Rinkeby,357688,3183.4232,17,2022-01-17T00:02:47.690Z,0
897,Solana Mainnet,824129,7334.7481,17,2022-01-17T00:02:47.690Z,0
898,POKT Mainnet,249611,2221.5379,17,2022-01-17T00:02:47.690Z,0
899,ETH Archival Trace,2158923,19214.4147,17,2022-01-17T00:02:47.690Z,0
900,Harmony Shard 0,291338176,2592909.7664,17,2022-01-17T00:02:47.690Z,0
901,Polygon Archival,213052,1896.1628,17,2022-01-17T00:02:47.690Z,0
902,Ethereum Kovan,132926,1183.0414,17,2022-01-17T00:02:47.690Z,0
903,Ethereum Rinkeby,381501,3395.3589,18,2022-01-18T00:16:51.783Z,0
904,IoTeX Mainnet,156403,1391.9867,18,2022-01-18T00:16:51.783Z,0
905,Ethereum,30120028,268068.2492,18,2022-01-18T00:16:51.783Z,0
906,FUSE Archival,171779,1528.8331,18,2022-01-18T00:16:51.783Z,0
907,POKT Mainnet,265142,2359.7638,18,2022-01-18T00:16:51.783Z,0
908,Ethereum Archival,80545,716.8505,18,2022-01-18T00:16:51.783Z,0
909,BSC Mainnet,344484,3065.9076,18,2022-01-18T00:16:51.783Z,0
910,ETH Archival Trace,2805404,24968.0956,18,2022-01-18T00:16:51.783Z,0
911,Polygon Mainnet,3263704,29046.9656,18,2022-01-18T00:16:51.783Z,0
912,Ethereum Goerli,968710,8621.519,18,2022-01-18T00:16:51.783Z,0
913,xDAI,1707485,15196.6165,18,2022-01-18T00:16:51.783Z,0
914,Harmony Shard 0,274981268,2447333.2852,18,2022-01-18T00:16:51.783Z,0
915,Ethereum Kovan,131347,1168.9883,18,2022-01-18T00:16:51.783Z,0
916,Solana Mainnet,807313,7185.0857,18,2022-01-18T00:16:51.783Z,0
917,xDAI Archival,409718,3646.4902,18,2022-01-18T00:16:51.783Z,0
918,FUSE Mainnet,7252575,64547.917499999996,18,2022-01-18T00:16:51.783Z,0
919,Avalanche Mainnet,340568,3031.0552,18,2022-01-18T00:16:51.783Z,0
920,Ethereum Ropsten,146491,1303.7699,18,2022-01-18T00:16:51.783Z,0
921,Polygon Archival,185244,1648.6716,18,2022-01-18T00:16:51.783Z,0
922,Ethereum,1521822,13544.2158,Jan 19,2022-01-19T00:07:55.827Z,0
923,Harmony Shard 0,14575226,129719.5114,Jan 19,2022-01-19T00:07:55.827Z,0
924,Polygon Mainnet,174199,1550.3711,Jan 19,2022-01-19T00:07:55.827Z,0
925,Avalanche Mainnet,21262,189.2318,Jan 19,2022-01-19T00:07:55.827Z,0
926,Solana Mainnet,46999,418.2911,Jan 19,2022-01-19T00:07:55.827Z,0
927,Ethereum Goerli,42983,382.5487,Jan 19,2022-01-19T00:07:55.827Z,0
928,Ethereum Rinkeby,19200,170.88,Jan 19,2022-01-19T00:07:55.827Z,0
929,xDAI,60118,535.0502,Jan 19,2022-01-19T00:07:55.827Z,0
930,Ethereum Kovan,4137,36.8193,Jan 19,2022-01-19T00:07:55.827Z,0
931,xDAI Archival,23286,207.2454,Jan 19,2022-01-19T00:07:55.827Z,0
932,FUSE Archival,6687,59.5143,Jan 19,2022-01-19T00:07:55.827Z,0
933,ETH Archival Trace,175828,1564.8692,Jan 19,2022-01-19T00:07:55.827Z,0
934,POKT Mainnet,13913,123.8257,Jan 19,2022-01-19T00:07:55.827Z,0
935,IoTeX Mainnet,6372,56.7108,Jan 19,2022-01-19T00:07:55.827Z,0
936,BSC Mainnet,17811,158.5179,Jan 19,2022-01-19T00:07:55.827Z,0
937,Ethereum Ropsten,7799,69.4111,Jan 19,2022-01-19T00:07:55.827Z,0
938,FUSE Mainnet,236935,2108.7215,Jan 19,2022-01-19T00:07:55.827Z,0
939,Polygon Archival,9305,82.8145,Jan 19,2022-01-19T00:07:55.827Z,0
940,Ethereum Archival,5703,50.7567,Jan 19,2022-01-19T00:07:55.827Z,0
941,Harmony Shard 0,274924342,0.0,0,2022-01-18 21:04:05.401148,0
942,Ethereum,30570167,0.0,0,2022-01-18 21:04:05.401148,0
943,FUSE Mainnet,7148207,0.0,0,2022-01-18 21:04:05.401148,0
944,Polygon Mainnet,3415085,0.0,0,2022-01-18 21:04:05.401148,0
945,ETH Archival Trace,2819006,0.0,0,2022-01-18 21:04:05.401148,0
946,xDAI,1680631,0.0,0,2022-01-18 21:04:05.401148,0
947,Ethereum Goerli,979587,0.0,0,2022-01-18 21:04:05.401148,0
948,Solana Mainnet,831861,0.0,0,2022-01-18 21:04:05.401148,0
949,xDAI Archival,437606,0.0,0,2022-01-18 21:04:05.401148,0
950,Ethereum Rinkeby,393450,0.0,0,2022-01-18 21:04:05.401148,0
951,BSC Mainnet,353708,0.0,0,2022-01-18 21:04:05.401148,0
952,Avalanche Mainnet,334917,0.0,0,2022-01-18 21:04:05.401148,0
953,POKT Mainnet,271468,0.0,0,2022-01-18 21:04:05.401148,0
954,Polygon Archival,195862,0.0,0,2022-01-18 21:04:05.401148,0
955,FUSE Archival,177106,0.0,0,2022-01-18 21:04:05.401148,0
956,Ethereum Ropsten,160293,0.0,0,2022-01-18 21:04:05.401148,0
957,IoTeX Mainnet,160065,0.0,0,2022-01-18 21:04:05.401148,0
958,Ethereum Kovan,138420,0.0,0,2022-01-18 21:04:05.401148,0
959,Ethereum Archival,84010,0.0,0,2022-01-18 21:04:05.401148,0
